<?xml version="1.0" encoding="UTF-8"?>
<project-private xmlns="http://www.netbeans.org/ns/project-private/1">
    <editor-bookmarks xmlns="http://www.netbeans.org/ns/editor-bookmarks/2" lastBookmarkId="0"/>
    <open-files xmlns="http://www.netbeans.org/ns/projectui-open-files/2">
        <group>
            <file>file:/E:/xampp/htdocs/smart-ehealth/backend/models/Registrasi.php</file>
            <file>file:/E:/xampp/htdocs/smart-ehealth/backend/views/pasien/_form.php</file>
            <file>file:/E:/xampp/htdocs/smart-ehealth/backend/controllers/RegistrasiController.php</file>
            <file>file:/E:/xampp/htdocs/smart-ehealth/backend/models/RegistrasiSearch.php</file>
        </group>
    </open-files>
</project-private>
